--USE TEAMPROJECT222

INSERT INTO Person (PersonFname, PersonLname,PersonStreet, PersonState, PersonCity, PersonZipCode, PersonDOB, PersonGender, PersonEmail, PersonHomePhone, PersonCellPhone)
VALUES ('Jessica', 'Byers', 'Roswell Rd', 'Georgia', 'Atlanta' , '30342', '12/31/95', 'Female', 'jessicab@gmail.com' , '4446783324', '4045436653' );
INSERT INTO Person (PersonFname, PersonLname,PersonStreet, PersonState, PersonCity, PersonZipCode, PersonDOB, PersonGender, PersonEmail, PersonHomePhone, PersonCellPhone)
VALUES ('Samantha', 'Lyll', 'Bushberry rd', 'Florida', 'Orlando' , '33611', '9/07/92', 'Female', 'samanthal@gmail.com' , '8475939847', '8137890765' );
INSERT INTO Person (PersonFname, PersonLname,PersonStreet, PersonState, PersonCity, PersonZipCode, PersonDOB, PersonGender, PersonEmail, PersonHomePhone, PersonCellPhone)
VALUES ('Tom', 'Harris', 'Loyd St', 'Tennessee', 'Memphis' , '24531', '05/12/90', 'Male', 'tomh@gmail.com' , '5678921000', '9087542348' );
INSERT INTO Person (PersonFname, PersonLname,PersonStreet, PersonState, PersonCity, PersonZipCode, PersonDOB, PersonGender, PersonEmail, PersonHomePhone, PersonCellPhone)
VALUES ('Frank', 'Green', 'Kennesaw ave', 'Georgia', 'Atlanta' , '30327', '01/06/80', 'Male', 'frankgreen@gmail.com' , '8796541211', '6787673421' );
INSERT INTO Person (PersonFname, PersonLname,PersonStreet, PersonState, PersonCity, PersonZipCode, PersonDOB, PersonGender, PersonEmail, PersonHomePhone, PersonCellPhone)
VALUES ('Carlisle', 'Jones', 'Marcus Blvd', 'Texas', 'Dallas' , '94423', '07/19/85', 'Male', 'carlislejones@gmail.com' , '7854560911', '7853459866' );
INSERT INTO Person (PersonFname, PersonLname,PersonStreet, PersonState, PersonCity, PersonZipCode, PersonDOB, PersonGender, PersonEmail, PersonHomePhone, PersonCellPhone)
VALUES ('Tommy', 'Johnson', 'Roswell Rd', 'Georgia', 'Atlanta' , '30342', '12/31/99', 'Female', 'jessicab@gmail.com' , '4443683324', '4044826653' );
INSERT INTO Person (PersonFname, PersonLname,PersonStreet, PersonState, PersonCity, PersonZipCode, PersonDOB, PersonGender, PersonEmail, PersonHomePhone, PersonCellPhone)
VALUES ('Brady', 'Bob', 'Bushberry rd', 'Florida', 'Orlando' , '33611', '9/07/98', 'Male', 'bradybob@gmail.com' , '8475785847', '8132340765' );
INSERT INTO Person (PersonFname, PersonLname,PersonStreet, PersonState, PersonCity, PersonZipCode, PersonDOB, PersonGender, PersonEmail, PersonHomePhone, PersonCellPhone)
VALUES ('Ichigo', 'Harris', 'Loyd St', 'Tokyo', 'Japan' , '24531', '05/12/95', 'Male', 'ichigoh@gmail.com' , '5675911000', '9036442348' );
INSERT INTO Person (PersonFname, PersonLname,PersonStreet, PersonState, PersonCity, PersonZipCode, PersonDOB, PersonGender, PersonEmail, PersonHomePhone, PersonCellPhone)
VALUES ('Itachi', 'Uchiha', 'Kennesaw ave', 'Georgia', 'Gwinett' , '30327', '01/06/80', 'Male', 'Iuchiha@gmail.com' , '8793611211', '6788953421' );
INSERT INTO Person (PersonFname, PersonLname,PersonStreet, PersonState, PersonCity, PersonZipCode, PersonDOB, PersonGender, PersonEmail, PersonHomePhone, PersonCellPhone)
VALUES ('Sasuke', 'Uchiha', 'Marcus Blvd', 'Texas', 'Corpus Cristi' , '94423', '07/24/85', 'Male', 'UchihaSasuke@gmail.com' , '7856910911', '7836959866' );
INSERT INTO Person (PersonFname, PersonLname,PersonStreet, PersonState, PersonCity, PersonZipCode, PersonDOB, PersonGender, PersonEmail, PersonHomePhone, PersonCellPhone)
VALUES ('Lonnie', 'Johns', 'Roswell Rd', 'Georgia', 'Lithonia' , '30342', '12/31/85', 'Male', 'jessicab@gmail.com' , '4469583324', '4045561653' );
INSERT INTO Person (PersonFname, PersonLname,PersonStreet, PersonState, PersonCity, PersonZipCode, PersonDOB, PersonGender, PersonEmail, PersonHomePhone, PersonCellPhone)
VALUES ('Sydni','Baker', 'Bushberry rd', 'Florida', 'Lakeland' , '33611', '9/07/92', 'Female', 'Sbaker@gmail.com' , '8369939847', '8591890765' );
INSERT INTO Person (PersonFname, PersonLname,PersonStreet, PersonState, PersonCity, PersonZipCode, PersonDOB, PersonGender, PersonEmail, PersonHomePhone, PersonCellPhone)
VALUES ('Ayanna', 'Mosley','Loyd St', 'Tennessee', 'Charleston' , '24531', '05/12/72', 'Male', 'aymo@gmail.com' , '5672681000', '9084822348' );
INSERT INTO Person (PersonFname, PersonLname,PersonStreet, PersonState, PersonCity, PersonZipCode, PersonDOB, PersonGender, PersonEmail, PersonHomePhone, PersonCellPhone)
VALUES ('Kristina', 'Fadzai', 'Kennesaw ave', 'Georgia', 'Alpharetta' , '30327', '01/06/79', 'Female', 'kfadzai@gmail.com' , '8796459211', '6759173421' );
INSERT INTO Person (PersonFname, PersonLname,PersonStreet, PersonState, PersonCity, PersonZipCode, PersonDOB, PersonGender, PersonEmail, PersonHomePhone, PersonCellPhone)
VALUES ('Joceline', 'Sitti', 'Marcus Blvd', 'Texas', 'San Antonio' , '94423', '07/19/69', 'Female', 'jocelinesitti@gmail.com' , '7828160911', '7856929866' );



INSERT INTO Clinics ( ClinicStreet,ClinicState, ClinicCity, ClinicZip, ClinicMainNumber,ClinicName)
VALUES ('Main Street', 'Connecticut', 'Hartford', '21345', '4445556666','Hartford Clinic');
INSERT INTO Clinics ( ClinicStreet,ClinicState, ClinicCity, ClinicZip, ClinicMainNumber,ClinicName)
VALUES ('Church Street', 'Georgia', 'Atlanta', '30342', '6788943210','Georgia Clinic');
INSERT INTO Clinics ( ClinicStreet,ClinicState, ClinicCity, ClinicZip, ClinicMainNumber,ClinicName)
VALUES ('Elm Street', 'Florida', 'Orlando', '33623', '8132465890','Orlando Clinic');
INSERT INTO Clinics ( ClinicStreet,ClinicState, ClinicCity, ClinicZip, ClinicMainNumber,ClinicName)
VALUES ('High Street', 'Tennessee', 'Memphis', '97866', '9085680992','Memphis Clinic');
INSERT INTO Clinics ( ClinicStreet,ClinicState, ClinicCity, ClinicZip, ClinicMainNumber,ClinicName)
VALUES ('Washington Street', 'Texas', 'Austin', '43211','7853921112','Texas Clinic');


INSERT INTO OperationHours ( OPHoursID, WeekdayHoursStartTime, WeekdayHoursEndTime, WeekendHoursStartTime, WeekendHoursEndTime, HolidayHoursStartTime, HolidayHoursTimeEnd)
Values ('0001', '08:00:00','05:00:00', '06:00:00','02:00:00', '08:00:00','12:00:00');
INSERT INTO OperationHours ( OPHoursID, WeekdayHoursStartTime, WeekdayHoursEndTime, WeekendHoursStartTime, WeekendHoursEndTime, HolidayHoursStartTime, HolidayHoursTimeEnd)
Values ('0002','08:00:00','05:00:00', '06:00:00','02:00:00', '08:00:00','12:00:00');
INSERT INTO OperationHours ( OPHoursID, WeekdayHoursStartTime, WeekdayHoursEndTime, WeekendHoursStartTime, WeekendHoursEndTime, HolidayHoursStartTime, HolidayHoursTimeEnd)
Values ('0003','08:00:00','05:00:00', '06:00:00','02:00:00', '08:00:00','12:00:00');
INSERT INTO OperationHours ( OPHoursID, WeekdayHoursStartTime, WeekdayHoursEndTime, WeekendHoursStartTime, WeekendHoursEndTime, HolidayHoursStartTime, HolidayHoursTimeEnd)
Values ('0004','08:00:00','05:00:00', '06:00:00','02:00:00', '08:00:00','12:00:00');
INSERT INTO OperationHours ( OPHoursID, WeekdayHoursStartTime, WeekdayHoursEndTime, WeekendHoursStartTime, WeekendHoursEndTime, HolidayHoursStartTime, HolidayHoursTimeEnd)
Values ('0005','08:00:00','05:00:00', '06:00:00','02:00:00', '08:00:00','12:00:00');


INSERT INTO ClinicOperations 
VALUES ('V111', '1', '0001'),
('V112', '2', '0002'),
('V113', '3', '0003'),
('V114', '4', '0004'),
('V115', '5', '0005');



INSERT INTO Patient 
VALUES ('1','COMP111', 'PC111', '2020-12-28', 'PD111', NULL),
('2','COMP112', 'PC112', '2017-09-05', 'PD112', NULL),
('3','COMP113', 'PC113', '2014-10-11', 'PD113', 8),
('4','COMP114', 'PC114', '2021-05-08', 'PD114', NULL),
('5', 'COMP115', 'PC115', '2013-04-02', 'PD115', 1);



INSERT INTO DeliveryPerson
VALUES ('6'),('7'),('8');


INSERT INTO Employee
VALUES ('9', '1'),
('10', '1'), ('11', '2'), ('12', '2'), ('13', '3'), ('14', '4'),('15', '5');


INSERT INTO HealthcareProvider
VALUES
('10' ,'Biology' ,'SL00000001'),
('11' ,'Biology' ,'SL00000002'),
('12' ,'Biology' ,'SL00000003'),
('13' ,'Biology' ,'SL00000004'), 
('14' ,'Physics', 'SL00000005'),
('15', 'Chemistry', 'SL00000006');
 



 INSERT INTO Degree 
VALUES ('DC111', '13' , 'Biology'), ('DC112' , '14' , 'Physics') , ('DC113' , '15' , 'Chemistry');


INSERT INTO Physician
VALUES ('13', 'St. Joseph'),
('10', 'Tampa General'),
('11','John Hopkins'),
('12','Bay Care Medical');


INSERT INTO Certifications (CertificationName)
VALUES ( 'Certified Coding Specialist Physician-Based');
INSERT INTO Certifications (CertificationName)
VALUES ('Certified Patient Care Technician');
INSERT INTO Certifications (CertificationName)
VALUES ('Certified EKG Technician');
INSERT INTO Certifications (CertificationName)
VALUES ('Certified Phlebotomy Technician');
INSERT INTO Certifications (CertificationName)
VALUES ('Certified Clinical Medical Assistant');
INSERT INTO Certifications (CertificationName)
VALUES ('Certified Medical Assistant');
INSERT INTO Certifications (CertificationName)
VALUES ('Certified Nursing Assistant');



INSERT INTO  PhysicianCert
VALUES ('13', '1', '2022-12-09'),
('10', '2', '2022-08-10'),
('11', '3', '2021-07-28'),
('12', '4', '2021-04-26'),
('13', '5', '2022-10-20'),
('10', '5', '2022-10-20'),
('11', '6', '2021-11-13'), 
('12', '7', '2021-03-11');


INSERT INTO Specialties (SpecialtyName)
VALUES ( 'AllergyImmunology');
INSERT INTO Specialties (SpecialtyName)
VALUES ('Anesthesiology')
INSERT INTO Specialties (SpecialtyName)
VALUES ('Dermatology');
INSERT INTO Specialties (SpecialtyName)
VALUES ('Diagnosticradiology');
INSERT INTO Specialties (SpecialtyName)
VALUES ('Emergencymedicine');
INSERT INTO Specialties (SpecialtyName)
VALUES ( 'Familymedicine');


INSERT INTO PhysicianSpecialty
VALUES ('13','1'),
('10','2'),
('11','3'),('13','4'),
('12', '5'),
('10', '6');


INSERT INTO Prescription 
Values ('P111' , '2022-01-12', '14', '1'), 
('P112' , '2021-12-09', '15', '2'),
('P113' , '2022-02-10', '13', '3'),
('P114' , '2021-12-03', '14', '4'),
('P115' , '2022-12-05', '15', '5');


INSERT INTO PatientDelivery 
VALUES ('6','1','P111','08:00:00', '2022-03-12', 'DeliveryRooute1'),
 ('7','2','P112','09:00:00', '2022-03-12', 'DeliveryRooute2'),
('8','3','P113','05:00:00', '2022-03-12', 'DeliveryRooute3');


INSERT INTO Medications (BrandName,GenericName )
VALUES ('Abilify', 'aripiprazole');
INSERT INTO Medications (BrandName,GenericName )
VALUES ('Denavir', 'penciclovir');
INSERT INTO Medications (BrandName,GenericName )
VALUES ('Elitek', 'rasburicase');
INSERT INTO Medications (BrandName,GenericName )
VALUES ('Hyalgan', 'hyaluronate sodium');
INSERT INTO Medications (BrandName,GenericName )
VALUES ('Isentress', 'raltegravir');
INSERT INTO Medications (BrandName,GenericName )
VALUES ('Jevtana', 'cabazitaxel');
INSERT INTO Medications (BrandName,GenericName )
VALUES ('Jynarque', 'tolvaptan');
INSERT INTO Medications (BrandName,GenericName )
VALUES ('Kevzara', 'sarilumab');
INSERT INTO Medications (BrandName,GenericName )
VALUES ('Lialda', 'mesalamine');
INSERT INTO Medications (BrandName,GenericName )
VALUES ('Lumoxiti', 'moxetumomab pasudotox');



INSERT INTO PrescriptionMedication
VALUES ('1', 'P111', '10'),
('2', 'P112', '11'),
('3', 'P113', '17'),
('4', 'P114', '100'),
('5', 'P115', '7');


INSERT INTO JobHistory
VALUES('090','Physician','2022-12-01','9'),('091','Nurse Practitioner','2022-11-09','10'),
('092','Physician Assistant','2022-03-12','11'),('093','Nurse','2019-05-13','12'),
('094','Nurse Tech','2012-12-12','13'),('095','Administrator','2021-12-03','14'),('096','Lead Physician','2021-12-03','15');



Insert into Appointment (AppID, EmpID, AppTime, AppDate, PatientID)
Values('AP100','13','08:00:00', '2022-01-12', '1');
Insert into Appointment (AppID, EmpID, AppTime, AppDate, PatientID)
Values('AP101','14','07:00:00','2022-02-02', '2');
Insert into Appointment (AppID, EmpID, AppTime, AppDate, PatientID)
Values('AP102','14','05:00:00','2022-03-02', '3');
Insert into Appointment (AppID, EmpID, AppTime, AppDate, PatientID)
Values('AP103','12','04:00:00','2022-04-02', '4');
Insert into Appointment (AppID, EmpID, AppTime, AppDate, PatientID)
Values('AP104','13','03:00:00','2022-05-02', '5');
Insert into Appointment (AppID, EmpID, AppTime, AppDate, PatientID)
Values('AP105','11','02:00:00','2022-09-10', '1');
Insert into Appointment (AppID, EmpID, AppTime, AppDate, PatientID)
Values('AP106','15','01:00:00','2022-09-12', '2');
Insert into Appointment (AppID, EmpID, AppTime, AppDate, PatientID)
Values('AP107','12','10:00:00','2022-08-05', '3');
Insert into Appointment (AppID, EmpID, AppTime, AppDate, PatientID)
Values('AP108','13','08:00:00','2022-09-03', '4');
Insert into Appointment (AppID, EmpID, AppTime, AppDate, PatientID)
Values('AP109','11','09:00:00','2022-10-04', '5');



Insert into MedicalInventory(MedInvID,MedCategory,MedClass )
Values ('20000','Emergency', 'I');
Insert into MedicalInventory(MedInvID,MedCategory,MedClass )
Values ('20011','Ambulatory', 'II');
Insert into MedicalInventory(MedInvID,MedCategory,MedClass )
values('20022', 'Acute','III');
Insert into MedicalInventory(MedInvID,MedCategory,MedClass )
Values('20033','Surgical', 'IV');
Insert into MedicalInventory(MedInvID,MedCategory,MedClass )
Values('20044', 'Respite', 'V');



INSERT INTO AppointmentMedicalInv
VALUES ('AP100', '20000', '13'), 
('AP102', '20011', '13'),
('AP103', '20022', '14'),
('AP104', '20033', '15'),
('AP105', '20044', '13');



INSERT INTO MedicalClinicInv
VALUES ('1', '20000' , '100.00'),
('2', '20011' , '50.00'),
('3', '20022' , '250.00'),
('4', '20033' , '800.00'),
('5', '20044' , '65.00');



INSERT Diagnosis (DiagnosisID, DiagnosisName, DiagnosisDescription)
VALUES ('D1111', 'Cholesterol', 'Abnormal cholesterol levels')
INSERT Diagnosis (DiagnosisID, DiagnosisName, DiagnosisDescription)
VALUES ('D1112', 'Chronic Pain', ' Long standing pain that persists beyond the usual recovery period')
INSERT Diagnosis (DiagnosisID, DiagnosisName, DiagnosisDescription)
VALUES ('D1113', 'Diabetes', ' Chronic (long-lasting) health condition that affects how your body turns food into energy')
INSERT Diagnosis (DiagnosisID, DiagnosisName, DiagnosisDescription)
VALUES ('D1114', 'Heart Disease', 'Most common type of heart disease is coronary artery disease')
INSERT Diagnosis (DiagnosisID, DiagnosisName, DiagnosisDescription)
VALUES ('D1115', 'Hepatitis', ' Inflammation of the liver')
INSERT Diagnosis (DiagnosisID, DiagnosisName, DiagnosisDescription)
VALUES ('D1116', 'IBS (Irritable Bowel Syndrome)', 'Common disorder that affects the large intestine')
INSERT Diagnosis (DiagnosisID, DiagnosisName, DiagnosisDescription)
VALUES ('D1117', 'Leukemia', ' Cancer of the body blood-forming tissues')
INSERT Diagnosis (DiagnosisID, DiagnosisName, DiagnosisDescription)
VALUES ('D1118', 'Pneumonia', 'Infection of one or both of the lungs caused by bacteria, viruses, or fungi')
INSERT Diagnosis (DiagnosisID, DiagnosisName, DiagnosisDescription)
VALUES ('D1119', 'Stroke', 'Disease that affects the arteries leading to and within the brain.')



INSERT INTO AppointmentDiagnosis
VALUES ('AP100', 'D1111' ),
('AP102', 'D1112' ),
('AP103', 'D1113' ),
('AP104', 'D1114' ),
('AP105', 'D1115' ),
('AP106', 'D1116' ),
('AP107', 'D1117' ),
('AP108', 'D1118' ),
('AP109', 'D1119' );


INSERT INTO MedicationDiagnosis
VALUES ('1', 'D1111'), 
('2', 'D1112'), 
('3', 'D1113'), 
('4', 'D1114'), 
('5', 'D1115'), 
('6', 'D1116'), 
('7', 'D1117'), 
('8', 'D1118'), 
('9', 'D1119');


INSERT INTO LabOrder
VALUES ('10','1','2022-12-09'),
('10','2','2022-10-04'),
('11','3','2022-02-12'),
('12','4','2022-03-04'),
('14','5','2022-12-10');


Insert into Speciman
Values('1','08:00:00','2022-12-09'),
('2','06:00:00','2021-10-01'),
('3','04:00:00','2022-09-04'),
('4','02:00:00','2022-03-01'),
('5','01:00:00','2021-02-04');



Insert into LabTest(LabTestID,TestCode,TestName,TestCost)
Values('1000','xyz','STD','100.00');
Insert into LabTest(LabTestID,TestCode,TestName,TestCost)
Values('1001','abc','Hemoglobin','90.00');
Insert into LabTest(LabTestID,TestCode,TestName,TestCost)
Values('1002','def','Vision','150.00');
Insert into LabTest(LabTestID,TestCode,TestName,TestCost)
Values('1003','hij','Glucose','60.00');
Insert into LabTest(LabTestID,TestCode,TestName,TestCost)
Values('1004','tuv','Urinalysis','50.00');



INSERT INTO LabOrderTest
VALUES ('1', '1000'),
('2', '1001'),
('3', '1002'),
('4', '1003'),
('5', '1004');


INSERT INTO SpecimanLabTest (SpecimanID, LabTestID, TestTime, TestDate, TestResult)
VALUES( '1', '1000', '10:00:00','2022-12-11', 'negative');
INSERT INTO SpecimanLabTest (SpecimanID, LabTestID, TestTime, TestDate, TestResult)
VALUES( '2', '1001', '07:00:00','2022-10-09', 'positive');
INSERT INTO SpecimanLabTest (SpecimanID, LabTestID, TestTime, TestDate, TestResult)
VALUES( '3', '1002', '08:00:00','2022-09-04', 'negative');
INSERT INTO SpecimanLabTest (SpecimanID, LabTestID, TestTime, TestDate, TestResult)
VALUES( '4', '1003', '10:00:00','2022-09-05', 'positive');
INSERT INTO SpecimanLabTest (SpecimanID, LabTestID, TestTime, TestDate, TestResult)
VALUES( '5', '1004', '12:00:00','2022-07-08', 'negative');